comparison_type,method,model_name,display_name,sample_id,nearest_sample_id,selection_group,nearest_selection_group,true_class_name,nearest_true_class_name,feature_distance,same_selection_group,same_true_class,top_k_overlap,jaccard_similarity,rank_correlation,signed_cosine_similarity,abs_cosine_similarity
nearest_neighbor_explanation_stability,SHAP,logistic_regression,Logistic Regression,2573,2790,barbunya_predicted_as_cali,barbunya_predicted_as_cali,BARBUNYA,BARBUNYA,1.0681475402069043,True,True,0.8,0.6666666666666666,0.2,0.9450224535440401,0.9450224535440401
nearest_neighbor_explanation_stability,SHAP,decision_tree,Decision Tree,2573,2790,barbunya_predicted_as_cali,barbunya_predicted_as_cali,BARBUNYA,BARBUNYA,1.0681475402069043,True,True,0.8,0.6666666666666666,-0.08571428571428573,0.349748293175888,0.6573473096474185
nearest_neighbor_explanation_stability,SHAP,random_forest,Random Forest,2573,2790,barbunya_predicted_as_cali,barbunya_predicted_as_cali,BARBUNYA,BARBUNYA,1.0681475402069043,True,True,0.8,0.6666666666666666,0.7142857142857143,0.908425084169964,0.908425084169964
nearest_neighbor_explanation_stability,SHAP,mlp,MLP,2573,2790,barbunya_predicted_as_cali,barbunya_predicted_as_cali,BARBUNYA,BARBUNYA,1.0681475402069043,True,True,0.6,0.42857142857142855,0.4,0.7267990588225554,0.7267990588225554
nearest_neighbor_explanation_stability,LIME,logistic_regression,Logistic Regression,2573,2790,barbunya_predicted_as_cali,barbunya_predicted_as_cali,BARBUNYA,BARBUNYA,1.0681475402069043,True,True,0.6,0.42857142857142855,0.5636363636363636,0.8709788257411424,0.8709788257411424
nearest_neighbor_explanation_stability,LIME,decision_tree,Decision Tree,2573,2790,barbunya_predicted_as_cali,barbunya_predicted_as_cali,BARBUNYA,BARBUNYA,1.0681475402069043,True,True,0.4,0.25,-0.275,0.47533138976293987,0.47533138976293987
nearest_neighbor_explanation_stability,LIME,random_forest,Random Forest,2573,2790,barbunya_predicted_as_cali,barbunya_predicted_as_cali,BARBUNYA,BARBUNYA,1.0681475402069043,True,True,0.8,0.6666666666666666,-0.028571428571428574,0.7822791168907249,0.7822791168907249
nearest_neighbor_explanation_stability,LIME,mlp,MLP,2573,2790,barbunya_predicted_as_cali,barbunya_predicted_as_cali,BARBUNYA,BARBUNYA,1.0681475402069043,True,True,0.8,0.6666666666666666,0.8285714285714287,0.8894715380494015,0.8894715380494015
nearest_neighbor_explanation_stability,SHAP,logistic_regression,Logistic Regression,2590,2790,barbunya_predicted_as_cali,barbunya_predicted_as_cali,BARBUNYA,BARBUNYA,2.0352529574216267,True,True,0.6,0.42857142857142855,0.32727272727272727,0.7954985001303907,0.7954985001303907
nearest_neighbor_explanation_stability,SHAP,decision_tree,Decision Tree,2590,2790,barbunya_predicted_as_cali,barbunya_predicted_as_cali,BARBUNYA,BARBUNYA,2.0352529574216267,True,True,0.6,0.42857142857142855,0.09090909090909091,0.53234934483648,0.6492957976683598
nearest_neighbor_explanation_stability,SHAP,random_forest,Random Forest,2590,2790,barbunya_predicted_as_cali,barbunya_predicted_as_cali,BARBUNYA,BARBUNYA,2.0352529574216267,True,True,0.8,0.6666666666666666,-0.3714285714285715,0.298669505207821,0.5553384675269671
nearest_neighbor_explanation_stability,SHAP,mlp,MLP,2590,2790,barbunya_predicted_as_cali,barbunya_predicted_as_cali,BARBUNYA,BARBUNYA,2.0352529574216267,True,True,0.6,0.42857142857142855,-0.4363636363636364,0.5690846206641176,0.5690846206641176
nearest_neighbor_explanation_stability,LIME,logistic_regression,Logistic Regression,2590,2790,barbunya_predicted_as_cali,barbunya_predicted_as_cali,BARBUNYA,BARBUNYA,2.0352529574216267,True,True,0.8,0.6666666666666666,0.2571428571428572,0.8228707015972863,0.8228707015972863
nearest_neighbor_explanation_stability,LIME,decision_tree,Decision Tree,2590,2790,barbunya_predicted_as_cali,barbunya_predicted_as_cali,BARBUNYA,BARBUNYA,2.0352529574216267,True,True,0.4,0.25,0.15000000000000002,0.6947761222812943,0.6947761222812943
nearest_neighbor_explanation_stability,LIME,random_forest,Random Forest,2590,2790,barbunya_predicted_as_cali,barbunya_predicted_as_cali,BARBUNYA,BARBUNYA,2.0352529574216267,True,True,0.8,0.6666666666666666,-0.028571428571428574,0.7936163477471192,0.7936163477471192
nearest_neighbor_explanation_stability,LIME,mlp,MLP,2590,2790,barbunya_predicted_as_cali,barbunya_predicted_as_cali,BARBUNYA,BARBUNYA,2.0352529574216267,True,True,0.8,0.6666666666666666,0.7714285714285715,0.858502415277606,0.858502415277606
nearest_neighbor_explanation_stability,SHAP,logistic_regression,Logistic Regression,2591,2883,barbunya_predicted_as_cali,barbunya_predicted_as_cali,BARBUNYA,BARBUNYA,2.99170488142563,True,True,0.6,0.42857142857142855,0.07272727272727272,0.7184573260806764,0.7184573260806764
nearest_neighbor_explanation_stability,SHAP,decision_tree,Decision Tree,2591,2883,barbunya_predicted_as_cali,barbunya_predicted_as_cali,BARBUNYA,BARBUNYA,2.99170488142563,True,True,0.6,0.42857142857142855,0.1090909090909091,0.6216962882174039,0.6216962882174039
nearest_neighbor_explanation_stability,SHAP,random_forest,Random Forest,2591,2883,barbunya_predicted_as_cali,barbunya_predicted_as_cali,BARBUNYA,BARBUNYA,2.99170488142563,True,True,0.6,0.42857142857142855,0.16363636363636364,0.5102153132841399,0.5102153132841399
nearest_neighbor_explanation_stability,SHAP,mlp,MLP,2591,2883,barbunya_predicted_as_cali,barbunya_predicted_as_cali,BARBUNYA,BARBUNYA,2.99170488142563,True,True,0.6,0.42857142857142855,-0.5272727272727272,0.3602550012722357,0.3602550012722357
nearest_neighbor_explanation_stability,LIME,logistic_regression,Logistic Regression,2591,2883,barbunya_predicted_as_cali,barbunya_predicted_as_cali,BARBUNYA,BARBUNYA,2.99170488142563,True,True,0.8,0.6666666666666666,0.942857142857143,0.9398155400867098,0.9398155400867098
nearest_neighbor_explanation_stability,LIME,decision_tree,Decision Tree,2591,2883,barbunya_predicted_as_cali,barbunya_predicted_as_cali,BARBUNYA,BARBUNYA,2.99170488142563,True,True,1.0,1.0,0.9999999999999999,0.9965468131071742,0.9965468131071742
nearest_neighbor_explanation_stability,LIME,random_forest,Random Forest,2591,2883,barbunya_predicted_as_cali,barbunya_predicted_as_cali,BARBUNYA,BARBUNYA,2.99170488142563,True,True,1.0,1.0,0.8999999999999998,0.9971848129677156,0.9971848129677156
nearest_neighbor_explanation_stability,LIME,mlp,MLP,2591,2883,barbunya_predicted_as_cali,barbunya_predicted_as_cali,BARBUNYA,BARBUNYA,2.99170488142563,True,True,0.8,0.6666666666666666,0.6571428571428573,0.881199060604531,0.881199060604531
nearest_neighbor_explanation_stability,SHAP,logistic_regression,Logistic Regression,2790,2573,barbunya_predicted_as_cali,barbunya_predicted_as_cali,BARBUNYA,BARBUNYA,1.0681475402069043,True,True,0.8,0.6666666666666666,0.2,0.9450224535440401,0.9450224535440401
nearest_neighbor_explanation_stability,SHAP,decision_tree,Decision Tree,2790,2573,barbunya_predicted_as_cali,barbunya_predicted_as_cali,BARBUNYA,BARBUNYA,1.0681475402069043,True,True,0.8,0.6666666666666666,-0.08571428571428573,0.349748293175888,0.6573473096474185
nearest_neighbor_explanation_stability,SHAP,random_forest,Random Forest,2790,2573,barbunya_predicted_as_cali,barbunya_predicted_as_cali,BARBUNYA,BARBUNYA,1.0681475402069043,True,True,0.8,0.6666666666666666,0.7142857142857143,0.908425084169964,0.908425084169964
nearest_neighbor_explanation_stability,SHAP,mlp,MLP,2790,2573,barbunya_predicted_as_cali,barbunya_predicted_as_cali,BARBUNYA,BARBUNYA,1.0681475402069043,True,True,0.6,0.42857142857142855,0.4,0.7267990588225554,0.7267990588225554
nearest_neighbor_explanation_stability,LIME,logistic_regression,Logistic Regression,2790,2573,barbunya_predicted_as_cali,barbunya_predicted_as_cali,BARBUNYA,BARBUNYA,1.0681475402069043,True,True,0.6,0.42857142857142855,0.5636363636363636,0.8709788257411424,0.8709788257411424
nearest_neighbor_explanation_stability,LIME,decision_tree,Decision Tree,2790,2573,barbunya_predicted_as_cali,barbunya_predicted_as_cali,BARBUNYA,BARBUNYA,1.0681475402069043,True,True,0.4,0.25,-0.275,0.47533138976293987,0.47533138976293987
nearest_neighbor_explanation_stability,LIME,random_forest,Random Forest,2790,2573,barbunya_predicted_as_cali,barbunya_predicted_as_cali,BARBUNYA,BARBUNYA,1.0681475402069043,True,True,0.8,0.6666666666666666,-0.028571428571428574,0.7822791168907249,0.7822791168907249
nearest_neighbor_explanation_stability,LIME,mlp,MLP,2790,2573,barbunya_predicted_as_cali,barbunya_predicted_as_cali,BARBUNYA,BARBUNYA,1.0681475402069043,True,True,0.8,0.6666666666666666,0.8285714285714287,0.8894715380494015,0.8894715380494015
nearest_neighbor_explanation_stability,SHAP,logistic_regression,Logistic Regression,2883,2790,barbunya_predicted_as_cali,barbunya_predicted_as_cali,BARBUNYA,BARBUNYA,1.5309474069610196,True,True,1.0,1.0,0.7,0.9995702841300196,0.9995702841300196
nearest_neighbor_explanation_stability,SHAP,decision_tree,Decision Tree,2883,2790,barbunya_predicted_as_cali,barbunya_predicted_as_cali,BARBUNYA,BARBUNYA,1.5309474069610196,True,True,0.8,0.6666666666666666,-0.08571428571428573,0.34272014079996277,0.6620593765091999
nearest_neighbor_explanation_stability,SHAP,random_forest,Random Forest,2883,2790,barbunya_predicted_as_cali,barbunya_predicted_as_cali,BARBUNYA,BARBUNYA,1.5309474069610196,True,True,0.8,0.6666666666666666,0.5428571428571429,0.909233868855548,0.909233868855548
nearest_neighbor_explanation_stability,SHAP,mlp,MLP,2883,2790,barbunya_predicted_as_cali,barbunya_predicted_as_cali,BARBUNYA,BARBUNYA,1.5309474069610196,True,True,0.8,0.6666666666666666,0.8857142857142858,0.8865431216527642,0.8865431216527642
nearest_neighbor_explanation_stability,LIME,logistic_regression,Logistic Regression,2883,2790,barbunya_predicted_as_cali,barbunya_predicted_as_cali,BARBUNYA,BARBUNYA,1.5309474069610196,True,True,0.8,0.6666666666666666,0.3714285714285715,0.8378769361652765,0.8378769361652765
nearest_neighbor_explanation_stability,LIME,decision_tree,Decision Tree,2883,2790,barbunya_predicted_as_cali,barbunya_predicted_as_cali,BARBUNYA,BARBUNYA,1.5309474069610196,True,True,0.6,0.42857142857142855,0.4727272727272727,0.7483785949880193,0.8553737112360092
nearest_neighbor_explanation_stability,LIME,random_forest,Random Forest,2883,2790,barbunya_predicted_as_cali,barbunya_predicted_as_cali,BARBUNYA,BARBUNYA,1.5309474069610196,True,True,0.8,0.6666666666666666,0.3714285714285715,0.8101092436807404,0.8101092436807404
nearest_neighbor_explanation_stability,LIME,mlp,MLP,2883,2790,barbunya_predicted_as_cali,barbunya_predicted_as_cali,BARBUNYA,BARBUNYA,1.5309474069610196,True,True,1.0,1.0,0.3,0.9930129027206953,0.9930129027206953
nearest_neighbor_explanation_stability,SHAP,logistic_regression,Logistic Regression,3330,2883,barbunya_predicted_as_cali,barbunya_predicted_as_cali,BARBUNYA,BARBUNYA,2.3171245463429186,True,True,1.0,1.0,0.7,0.9837142708545284,0.9837142708545284
nearest_neighbor_explanation_stability,SHAP,decision_tree,Decision Tree,3330,2883,barbunya_predicted_as_cali,barbunya_predicted_as_cali,BARBUNYA,BARBUNYA,2.3171245463429186,True,True,0.6,0.42857142857142855,-0.6727272727272727,0.34749119237692505,0.34749119237692505
nearest_neighbor_explanation_stability,SHAP,random_forest,Random Forest,3330,2883,barbunya_predicted_as_cali,barbunya_predicted_as_cali,BARBUNYA,BARBUNYA,2.3171245463429186,True,True,0.6,0.42857142857142855,0.38181818181818183,0.3118755851537987,0.6443126322527842
nearest_neighbor_explanation_stability,SHAP,mlp,MLP,3330,2883,barbunya_predicted_as_cali,barbunya_predicted_as_cali,BARBUNYA,BARBUNYA,2.3171245463429186,True,True,0.4,0.25,-0.17500000000000002,0.3717766282341078,0.3717766282341078
nearest_neighbor_explanation_stability,LIME,logistic_regression,Logistic Regression,3330,2883,barbunya_predicted_as_cali,barbunya_predicted_as_cali,BARBUNYA,BARBUNYA,2.3171245463429186,True,True,0.6,0.42857142857142855,0.6909090909090909,0.8588908002930193,0.8588908002930193
nearest_neighbor_explanation_stability,LIME,decision_tree,Decision Tree,3330,2883,barbunya_predicted_as_cali,barbunya_predicted_as_cali,BARBUNYA,BARBUNYA,2.3171245463429186,True,True,0.4,0.25,0.275,0.7971149571330218,0.7971149571330218
nearest_neighbor_explanation_stability,LIME,random_forest,Random Forest,3330,2883,barbunya_predicted_as_cali,barbunya_predicted_as_cali,BARBUNYA,BARBUNYA,2.3171245463429186,True,True,0.8,0.6666666666666666,0.08571428571428573,0.7436823369739912,0.7436823369739912
nearest_neighbor_explanation_stability,LIME,mlp,MLP,3330,2883,barbunya_predicted_as_cali,barbunya_predicted_as_cali,BARBUNYA,BARBUNYA,2.3171245463429186,True,True,0.6,0.42857142857142855,0.38181818181818183,0.6898700414770275,0.6898700414770275
nearest_neighbor_explanation_stability,SHAP,logistic_regression,Logistic Regression,3450,3330,correct_bombay,barbunya_predicted_as_cali,BOMBAY,BARBUNYA,5.205781809042825,False,False,0.4,0.25,-0.675,0.22813421735660402,0.22813421735660402
nearest_neighbor_explanation_stability,SHAP,decision_tree,Decision Tree,3450,3330,correct_bombay,barbunya_predicted_as_cali,BOMBAY,BARBUNYA,5.205781809042825,False,False,0.6,0.42857142857142855,-0.32727272727272727,0.4725831925906403,0.4725831925906403
nearest_neighbor_explanation_stability,SHAP,random_forest,Random Forest,3450,3330,correct_bombay,barbunya_predicted_as_cali,BOMBAY,BARBUNYA,5.205781809042825,False,False,0.4,0.25,-0.5,0.20450750406650753,0.20450750406650753
nearest_neighbor_explanation_stability,SHAP,mlp,MLP,3450,3330,correct_bombay,barbunya_predicted_as_cali,BOMBAY,BARBUNYA,5.205781809042825,False,False,0.4,0.25,-0.275,0.2021448954580044,0.38620740911924945
nearest_neighbor_explanation_stability,LIME,logistic_regression,Logistic Regression,3450,3330,correct_bombay,barbunya_predicted_as_cali,BOMBAY,BARBUNYA,5.205781809042825,False,False,0.4,0.25,-0.65,0.21119853105334893,0.21119853105334893
nearest_neighbor_explanation_stability,LIME,decision_tree,Decision Tree,3450,3330,correct_bombay,barbunya_predicted_as_cali,BOMBAY,BARBUNYA,5.205781809042825,False,False,0.8,0.6666666666666666,-0.08571428571428573,0.7229835783716173,0.7229835783716173
nearest_neighbor_explanation_stability,LIME,random_forest,Random Forest,3450,3330,correct_bombay,barbunya_predicted_as_cali,BOMBAY,BARBUNYA,5.205781809042825,False,False,0.8,0.6666666666666666,-0.48571428571428577,0.6242121440309107,0.6242121440309107
nearest_neighbor_explanation_stability,LIME,mlp,MLP,3450,3330,correct_bombay,barbunya_predicted_as_cali,BOMBAY,BARBUNYA,5.205781809042825,False,False,0.8,0.6666666666666666,-0.5428571428571429,0.3709640441661791,0.5706088987315834
nearest_neighbor_explanation_stability,SHAP,logistic_regression,Logistic Regression,3869,3450,correct_bombay,correct_bombay,BOMBAY,BOMBAY,7.570170883695574,True,True,1.0,1.0,0.8999999999999998,0.9944989174507103,0.9944989174507103
nearest_neighbor_explanation_stability,SHAP,decision_tree,Decision Tree,3869,3450,correct_bombay,correct_bombay,BOMBAY,BOMBAY,7.570170883695574,True,True,1.0,1.0,0.9999999999999999,0.9999999999999998,0.9999999999999998
nearest_neighbor_explanation_stability,SHAP,random_forest,Random Forest,3869,3450,correct_bombay,correct_bombay,BOMBAY,BOMBAY,7.570170883695574,True,True,1.0,1.0,0.8999999999999998,0.9997966293344599,0.9997966293344599
nearest_neighbor_explanation_stability,SHAP,mlp,MLP,3869,3450,correct_bombay,correct_bombay,BOMBAY,BOMBAY,7.570170883695574,True,True,0.8,0.6666666666666666,0.8285714285714287,0.9581602593723099,0.9581602593723099
nearest_neighbor_explanation_stability,LIME,logistic_regression,Logistic Regression,3869,3450,correct_bombay,correct_bombay,BOMBAY,BOMBAY,7.570170883695574,True,True,0.8,0.6666666666666666,0.8857142857142858,0.9400979838206545,0.9400979838206545
nearest_neighbor_explanation_stability,LIME,decision_tree,Decision Tree,3869,3450,correct_bombay,correct_bombay,BOMBAY,BOMBAY,7.570170883695574,True,True,0.6,0.42857142857142855,0.5636363636363636,0.919244512698847,0.919244512698847
nearest_neighbor_explanation_stability,LIME,random_forest,Random Forest,3869,3450,correct_bombay,correct_bombay,BOMBAY,BOMBAY,7.570170883695574,True,True,1.0,1.0,0.8999999999999998,0.9989716242947484,0.9989716242947484
nearest_neighbor_explanation_stability,LIME,mlp,MLP,3869,3450,correct_bombay,correct_bombay,BOMBAY,BOMBAY,7.570170883695574,True,True,1.0,1.0,0.8999999999999998,0.997206168563432,0.997206168563432
nearest_neighbor_explanation_stability,SHAP,logistic_regression,Logistic Regression,7426,12838,sira_predicted_as_dermason,correct_dermason,SIRA,DERMASON,0.8676310947511058,False,False,1.0,1.0,0.7,0.9930169400030407,0.9930169400030407
nearest_neighbor_explanation_stability,SHAP,decision_tree,Decision Tree,7426,12838,sira_predicted_as_dermason,correct_dermason,SIRA,DERMASON,0.8676310947511058,False,False,0.6,0.42857142857142855,0.07272727272727272,0.8995726742706855,0.8995726742706855
nearest_neighbor_explanation_stability,SHAP,random_forest,Random Forest,7426,12838,sira_predicted_as_dermason,correct_dermason,SIRA,DERMASON,0.8676310947511058,False,False,0.8,0.6666666666666666,0.6571428571428573,0.8408617763184005,0.8408617763184005
nearest_neighbor_explanation_stability,SHAP,mlp,MLP,7426,12838,sira_predicted_as_dermason,correct_dermason,SIRA,DERMASON,0.8676310947511058,False,False,0.6,0.42857142857142855,0.01818181818181818,0.6848006064035261,0.6848006064035261
nearest_neighbor_explanation_stability,LIME,logistic_regression,Logistic Regression,7426,12838,sira_predicted_as_dermason,correct_dermason,SIRA,DERMASON,0.8676310947511058,False,False,0.6,0.42857142857142855,-0.7636363636363637,0.26660923408603454,0.26660923408603454
nearest_neighbor_explanation_stability,LIME,decision_tree,Decision Tree,7426,12838,sira_predicted_as_dermason,correct_dermason,SIRA,DERMASON,0.8676310947511058,False,False,0.6,0.42857142857142855,0.09090909090909091,0.6743103652586128,0.6743103652586128
nearest_neighbor_explanation_stability,LIME,random_forest,Random Forest,7426,12838,sira_predicted_as_dermason,correct_dermason,SIRA,DERMASON,0.8676310947511058,False,False,0.8,0.6666666666666666,-0.7142857142857143,0.6113645071488838,0.6113645071488838
nearest_neighbor_explanation_stability,LIME,mlp,MLP,7426,12838,sira_predicted_as_dermason,correct_dermason,SIRA,DERMASON,0.8676310947511058,False,False,0.4,0.25,-0.525,0.20967659614662562,0.20967659614662562
nearest_neighbor_explanation_stability,SHAP,logistic_regression,Logistic Regression,7434,7683,sira_predicted_as_dermason,sira_predicted_as_dermason,SIRA,SIRA,0.7745554372010831,True,True,0.6,0.42857142857142855,-0.6,0.06172191800899537,0.5884010619285734
nearest_neighbor_explanation_stability,SHAP,decision_tree,Decision Tree,7434,7683,sira_predicted_as_dermason,sira_predicted_as_dermason,SIRA,SIRA,0.7745554372010831,True,True,0.6,0.42857142857142855,0.12727272727272726,0.02206524796842573,0.32760461503462185
nearest_neighbor_explanation_stability,SHAP,random_forest,Random Forest,7434,7683,sira_predicted_as_dermason,sira_predicted_as_dermason,SIRA,SIRA,0.7745554372010831,True,True,0.6,0.42857142857142855,0.2,0.6393024223964474,0.6393024223964474
nearest_neighbor_explanation_stability,SHAP,mlp,MLP,7434,7683,sira_predicted_as_dermason,sira_predicted_as_dermason,SIRA,SIRA,0.7745554372010831,True,True,0.6,0.42857142857142855,-0.7454545454545455,0.30478629182905576,0.30478629182905576
nearest_neighbor_explanation_stability,LIME,logistic_regression,Logistic Regression,7434,7683,sira_predicted_as_dermason,sira_predicted_as_dermason,SIRA,SIRA,0.7745554372010831,True,True,0.4,0.25,-0.65,0.1363141595046141,0.1363141595046141
nearest_neighbor_explanation_stability,LIME,decision_tree,Decision Tree,7434,7683,sira_predicted_as_dermason,sira_predicted_as_dermason,SIRA,SIRA,0.7745554372010831,True,True,0.6,0.42857142857142855,0.4,0.737776722451549,0.737776722451549
nearest_neighbor_explanation_stability,LIME,random_forest,Random Forest,7434,7683,sira_predicted_as_dermason,sira_predicted_as_dermason,SIRA,SIRA,0.7745554372010831,True,True,0.8,0.6666666666666666,-0.4285714285714286,0.7152849774133836,0.7152849774133836
nearest_neighbor_explanation_stability,LIME,mlp,MLP,7434,7683,sira_predicted_as_dermason,sira_predicted_as_dermason,SIRA,SIRA,0.7745554372010831,True,True,0.6,0.42857142857142855,-0.4727272727272727,0.2810851844192413,0.2810851844192413
nearest_neighbor_explanation_stability,SHAP,logistic_regression,Logistic Regression,7526,7636,sira_predicted_as_dermason,correct_sira,SIRA,SIRA,0.7386182853465771,False,True,0.6,0.42857142857142855,-0.6,0.10103236694504966,0.554914800226524
nearest_neighbor_explanation_stability,SHAP,decision_tree,Decision Tree,7526,7636,sira_predicted_as_dermason,correct_sira,SIRA,SIRA,0.7386182853465771,False,True,0.2,0.1111111111111111,-0.7363636363636364,-0.056408276807200335,0.056408276807200335
nearest_neighbor_explanation_stability,SHAP,random_forest,Random Forest,7526,7636,sira_predicted_as_dermason,correct_sira,SIRA,SIRA,0.7386182853465771,False,True,0.2,0.1111111111111111,-0.7363636363636364,-0.1467513936013522,0.1467513936013522
nearest_neighbor_explanation_stability,SHAP,mlp,MLP,7526,7636,sira_predicted_as_dermason,correct_sira,SIRA,SIRA,0.7386182853465771,False,True,0.8,0.6666666666666666,0.48571428571428577,0.8315457521446343,0.8315457521446343
nearest_neighbor_explanation_stability,LIME,logistic_regression,Logistic Regression,7526,7636,sira_predicted_as_dermason,correct_sira,SIRA,SIRA,0.7386182853465771,False,True,0.2,0.1111111111111111,-0.8636363636363635,0.05007631109569976,0.05007631109569976
nearest_neighbor_explanation_stability,LIME,decision_tree,Decision Tree,7526,7636,sira_predicted_as_dermason,correct_sira,SIRA,SIRA,0.7386182853465771,False,True,0.4,0.25,0.025,0.2503997023381269,0.6361660416194945
nearest_neighbor_explanation_stability,LIME,random_forest,Random Forest,7526,7636,sira_predicted_as_dermason,correct_sira,SIRA,SIRA,0.7386182853465771,False,True,0.6,0.42857142857142855,-0.2727272727272727,0.5680426180345155,0.5680426180345155
nearest_neighbor_explanation_stability,LIME,mlp,MLP,7526,7636,sira_predicted_as_dermason,correct_sira,SIRA,SIRA,0.7386182853465771,False,True,0.6,0.42857142857142855,-0.18181818181818182,0.48292495591455237,0.48292495591455237
nearest_neighbor_explanation_stability,SHAP,logistic_regression,Logistic Regression,7568,7426,sira_predicted_as_dermason,sira_predicted_as_dermason,SIRA,SIRA,0.936929679198692,True,True,1.0,1.0,0.7,0.9854340291377423,0.9854340291377423
nearest_neighbor_explanation_stability,SHAP,decision_tree,Decision Tree,7568,7426,sira_predicted_as_dermason,sira_predicted_as_dermason,SIRA,SIRA,0.936929679198692,True,True,0.4,0.25,-0.55,0.14281858575038428,0.14281858575038428
nearest_neighbor_explanation_stability,SHAP,random_forest,Random Forest,7568,7426,sira_predicted_as_dermason,sira_predicted_as_dermason,SIRA,SIRA,0.936929679198692,True,True,0.4,0.25,-0.65,-0.15017424458812423,0.42705567628838265
nearest_neighbor_explanation_stability,SHAP,mlp,MLP,7568,7426,sira_predicted_as_dermason,sira_predicted_as_dermason,SIRA,SIRA,0.936929679198692,True,True,0.6,0.42857142857142855,-0.6,0.44113918782672396,0.44113918782672396
nearest_neighbor_explanation_stability,LIME,logistic_regression,Logistic Regression,7568,7426,sira_predicted_as_dermason,sira_predicted_as_dermason,SIRA,SIRA,0.936929679198692,True,True,0.2,0.1111111111111111,-0.8636363636363635,0.06364401785700088,0.06364401785700088
nearest_neighbor_explanation_stability,LIME,decision_tree,Decision Tree,7568,7426,sira_predicted_as_dermason,sira_predicted_as_dermason,SIRA,SIRA,0.936929679198692,True,True,0.6,0.42857142857142855,0.1090909090909091,0.3498779693850279,0.6692715792056478
nearest_neighbor_explanation_stability,LIME,random_forest,Random Forest,7568,7426,sira_predicted_as_dermason,sira_predicted_as_dermason,SIRA,SIRA,0.936929679198692,True,True,0.4,0.25,-0.65,0.34400944229015906,0.34400944229015906
nearest_neighbor_explanation_stability,LIME,mlp,MLP,7568,7426,sira_predicted_as_dermason,sira_predicted_as_dermason,SIRA,SIRA,0.936929679198692,True,True,0.4,0.25,-0.5750000000000001,0.11172598137027016,0.11172598137027016
nearest_neighbor_explanation_stability,SHAP,logistic_regression,Logistic Regression,7604,13381,sira_predicted_as_dermason,dermason_predicted_as_sira,SIRA,DERMASON,0.41104103196333636,False,False,1.0,1.0,0.9999999999999999,0.9996485281852813,0.9996485281852813
nearest_neighbor_explanation_stability,SHAP,decision_tree,Decision Tree,7604,13381,sira_predicted_as_dermason,dermason_predicted_as_sira,SIRA,DERMASON,0.41104103196333636,False,False,0.4,0.25,-0.2,-0.039130769803983965,0.40917849052632926
nearest_neighbor_explanation_stability,SHAP,random_forest,Random Forest,7604,13381,sira_predicted_as_dermason,dermason_predicted_as_sira,SIRA,DERMASON,0.41104103196333636,False,False,0.8,0.6666666666666666,-0.942857142857143,0.6193319929005046,0.6193319929005046
nearest_neighbor_explanation_stability,SHAP,mlp,MLP,7604,13381,sira_predicted_as_dermason,dermason_predicted_as_sira,SIRA,DERMASON,0.41104103196333636,False,False,0.6,0.42857142857142855,0.2181818181818182,0.680269125931654,0.680269125931654
nearest_neighbor_explanation_stability,LIME,logistic_regression,Logistic Regression,7604,13381,sira_predicted_as_dermason,dermason_predicted_as_sira,SIRA,DERMASON,0.41104103196333636,False,False,0.8,0.6666666666666666,0.4285714285714286,0.8509546152668094,0.8509546152668094
nearest_neighbor_explanation_stability,LIME,decision_tree,Decision Tree,7604,13381,sira_predicted_as_dermason,dermason_predicted_as_sira,SIRA,DERMASON,0.41104103196333636,False,False,0.4,0.25,-0.1,0.5507959363588847,0.5507959363588847
nearest_neighbor_explanation_stability,LIME,random_forest,Random Forest,7604,13381,sira_predicted_as_dermason,dermason_predicted_as_sira,SIRA,DERMASON,0.41104103196333636,False,False,0.8,0.6666666666666666,0.7714285714285715,0.8535254375594011,0.8535254375594011
nearest_neighbor_explanation_stability,LIME,mlp,MLP,7604,13381,sira_predicted_as_dermason,dermason_predicted_as_sira,SIRA,DERMASON,0.41104103196333636,False,False,1.0,1.0,0.8999999999999998,0.9916634372044167,0.9916634372044167
nearest_neighbor_explanation_stability,SHAP,logistic_regression,Logistic Regression,7636,7526,correct_sira,sira_predicted_as_dermason,SIRA,SIRA,0.7386182853465771,False,True,0.6,0.42857142857142855,-0.6,0.10103236694504966,0.554914800226524
nearest_neighbor_explanation_stability,SHAP,decision_tree,Decision Tree,7636,7526,correct_sira,sira_predicted_as_dermason,SIRA,SIRA,0.7386182853465771,False,True,0.2,0.1111111111111111,-0.7363636363636364,-0.056408276807200335,0.056408276807200335
nearest_neighbor_explanation_stability,SHAP,random_forest,Random Forest,7636,7526,correct_sira,sira_predicted_as_dermason,SIRA,SIRA,0.7386182853465771,False,True,0.2,0.1111111111111111,-0.7363636363636364,-0.1467513936013522,0.1467513936013522
nearest_neighbor_explanation_stability,SHAP,mlp,MLP,7636,7526,correct_sira,sira_predicted_as_dermason,SIRA,SIRA,0.7386182853465771,False,True,0.8,0.6666666666666666,0.48571428571428577,0.8315457521446343,0.8315457521446343
nearest_neighbor_explanation_stability,LIME,logistic_regression,Logistic Regression,7636,7526,correct_sira,sira_predicted_as_dermason,SIRA,SIRA,0.7386182853465771,False,True,0.2,0.1111111111111111,-0.8636363636363635,0.05007631109569976,0.05007631109569976
nearest_neighbor_explanation_stability,LIME,decision_tree,Decision Tree,7636,7526,correct_sira,sira_predicted_as_dermason,SIRA,SIRA,0.7386182853465771,False,True,0.4,0.25,0.025,0.2503997023381269,0.6361660416194945
nearest_neighbor_explanation_stability,LIME,random_forest,Random Forest,7636,7526,correct_sira,sira_predicted_as_dermason,SIRA,SIRA,0.7386182853465771,False,True,0.6,0.42857142857142855,-0.2727272727272727,0.5680426180345155,0.5680426180345155
nearest_neighbor_explanation_stability,LIME,mlp,MLP,7636,7526,correct_sira,sira_predicted_as_dermason,SIRA,SIRA,0.7386182853465771,False,True,0.6,0.42857142857142855,-0.18181818181818182,0.48292495591455237,0.48292495591455237
nearest_neighbor_explanation_stability,SHAP,logistic_regression,Logistic Regression,7683,13136,sira_predicted_as_dermason,dermason_predicted_as_sira,SIRA,DERMASON,0.6505296934640179,False,False,0.6,0.42857142857142855,-0.5454545454545454,0.08595696915995384,0.6029845940897157
nearest_neighbor_explanation_stability,SHAP,decision_tree,Decision Tree,7683,13136,sira_predicted_as_dermason,dermason_predicted_as_sira,SIRA,DERMASON,0.6505296934640179,False,False,0.4,0.25,-0.275,0.3330351203893088,0.4849016922776757
nearest_neighbor_explanation_stability,SHAP,random_forest,Random Forest,7683,13136,sira_predicted_as_dermason,dermason_predicted_as_sira,SIRA,DERMASON,0.6505296934640179,False,False,0.8,0.6666666666666666,0.8285714285714287,0.8680806614199615,0.8680806614199615
nearest_neighbor_explanation_stability,SHAP,mlp,MLP,7683,13136,sira_predicted_as_dermason,dermason_predicted_as_sira,SIRA,DERMASON,0.6505296934640179,False,False,0.6,0.42857142857142855,-0.4,0.45890895934617987,0.45890895934617987
nearest_neighbor_explanation_stability,LIME,logistic_regression,Logistic Regression,7683,13136,sira_predicted_as_dermason,dermason_predicted_as_sira,SIRA,DERMASON,0.6505296934640179,False,False,0.4,0.25,-0.65,0.15238958625135066,0.15238958625135066
nearest_neighbor_explanation_stability,LIME,decision_tree,Decision Tree,7683,13136,sira_predicted_as_dermason,dermason_predicted_as_sira,SIRA,DERMASON,0.6505296934640179,False,False,0.6,0.42857142857142855,-0.1090909090909091,0.5636097267981167,0.7000426343012239
nearest_neighbor_explanation_stability,LIME,random_forest,Random Forest,7683,13136,sira_predicted_as_dermason,dermason_predicted_as_sira,SIRA,DERMASON,0.6505296934640179,False,False,0.8,0.6666666666666666,-0.3142857142857143,0.7259304410916907,0.7259304410916907
nearest_neighbor_explanation_stability,LIME,mlp,MLP,7683,13136,sira_predicted_as_dermason,dermason_predicted_as_sira,SIRA,DERMASON,0.6505296934640179,False,False,0.4,0.25,-0.325,0.2653988668509857,0.2653988668509857
nearest_neighbor_explanation_stability,SHAP,logistic_regression,Logistic Regression,7761,13372,sira_predicted_as_dermason,dermason_predicted_as_sira,SIRA,DERMASON,1.4364985213607222,False,False,0.8,0.6666666666666666,0.7714285714285715,0.8364763720531013,0.8364763720531013
nearest_neighbor_explanation_stability,SHAP,decision_tree,Decision Tree,7761,13372,sira_predicted_as_dermason,dermason_predicted_as_sira,SIRA,DERMASON,1.4364985213607222,False,False,0.6,0.42857142857142855,-0.5272727272727272,0.2178330408352444,0.3156116058750068
nearest_neighbor_explanation_stability,SHAP,random_forest,Random Forest,7761,13372,sira_predicted_as_dermason,dermason_predicted_as_sira,SIRA,DERMASON,1.4364985213607222,False,False,0.8,0.6666666666666666,-0.08571428571428573,0.737547162596384,0.737547162596384
nearest_neighbor_explanation_stability,SHAP,mlp,MLP,7761,13372,sira_predicted_as_dermason,dermason_predicted_as_sira,SIRA,DERMASON,1.4364985213607222,False,False,0.6,0.42857142857142855,0.0,0.6144163142154863,0.6144163142154863
nearest_neighbor_explanation_stability,LIME,logistic_regression,Logistic Regression,7761,13372,sira_predicted_as_dermason,dermason_predicted_as_sira,SIRA,DERMASON,1.4364985213607222,False,False,0.6,0.42857142857142855,-0.07272727272727272,0.7475774286771952,0.7475774286771952
nearest_neighbor_explanation_stability,LIME,decision_tree,Decision Tree,7761,13372,sira_predicted_as_dermason,dermason_predicted_as_sira,SIRA,DERMASON,1.4364985213607222,False,False,0.6,0.42857142857142855,0.5454545454545454,0.2573892404542861,0.7542215813542218
nearest_neighbor_explanation_stability,LIME,random_forest,Random Forest,7761,13372,sira_predicted_as_dermason,dermason_predicted_as_sira,SIRA,DERMASON,1.4364985213607222,False,False,0.8,0.6666666666666666,0.48571428571428577,0.5667575891527327,0.8270072519541513
nearest_neighbor_explanation_stability,LIME,mlp,MLP,7761,13372,sira_predicted_as_dermason,dermason_predicted_as_sira,SIRA,DERMASON,1.4364985213607222,False,False,0.4,0.25,0.275,0.6038436854567769,0.6038436854567769
nearest_neighbor_explanation_stability,SHAP,logistic_regression,Logistic Regression,8943,9316,correct_sira,correct_sira,SIRA,SIRA,0.3482544329259207,True,True,1.0,1.0,0.9999999999999999,0.9996315881889062,0.9996315881889062
nearest_neighbor_explanation_stability,SHAP,decision_tree,Decision Tree,8943,9316,correct_sira,correct_sira,SIRA,SIRA,0.3482544329259207,True,True,1.0,1.0,0.8999999999999998,0.9813206369409452,0.9813206369409452
nearest_neighbor_explanation_stability,SHAP,random_forest,Random Forest,8943,9316,correct_sira,correct_sira,SIRA,SIRA,0.3482544329259207,True,True,0.8,0.6666666666666666,0.8285714285714287,0.8841635171311243,0.8841635171311243
nearest_neighbor_explanation_stability,SHAP,mlp,MLP,8943,9316,correct_sira,correct_sira,SIRA,SIRA,0.3482544329259207,True,True,0.6,0.42857142857142855,0.6909090909090909,0.788956734499987,0.788956734499987
nearest_neighbor_explanation_stability,LIME,logistic_regression,Logistic Regression,8943,9316,correct_sira,correct_sira,SIRA,SIRA,0.3482544329259207,True,True,0.6,0.42857142857142855,0.5636363636363636,0.8659986844914177,0.8659986844914177
nearest_neighbor_explanation_stability,LIME,decision_tree,Decision Tree,8943,9316,correct_sira,correct_sira,SIRA,SIRA,0.3482544329259207,True,True,0.4,0.25,-0.35000000000000003,0.42612677799441623,0.42612677799441623
nearest_neighbor_explanation_stability,LIME,random_forest,Random Forest,8943,9316,correct_sira,correct_sira,SIRA,SIRA,0.3482544329259207,True,True,0.6,0.42857142857142855,0.2,0.7300776794936871,0.7300776794936871
nearest_neighbor_explanation_stability,LIME,mlp,MLP,8943,9316,correct_sira,correct_sira,SIRA,SIRA,0.3482544329259207,True,True,0.6,0.42857142857142855,0.5636363636363636,0.7803461339575609,0.7803461339575609
nearest_neighbor_explanation_stability,SHAP,logistic_regression,Logistic Regression,9111,8943,correct_sira,correct_sira,SIRA,SIRA,0.7982744717528872,True,True,0.8,0.6666666666666666,0.8857142857142858,0.9144988052521306,0.9144988052521306
nearest_neighbor_explanation_stability,SHAP,decision_tree,Decision Tree,9111,8943,correct_sira,correct_sira,SIRA,SIRA,0.7982744717528872,True,True,1.0,1.0,0.8999999999999998,0.9785281883233875,0.9785281883233875
nearest_neighbor_explanation_stability,SHAP,random_forest,Random Forest,9111,8943,correct_sira,correct_sira,SIRA,SIRA,0.7982744717528872,True,True,0.8,0.6666666666666666,0.8285714285714287,0.8891393474749445,0.8891393474749445
nearest_neighbor_explanation_stability,SHAP,mlp,MLP,9111,8943,correct_sira,correct_sira,SIRA,SIRA,0.7982744717528872,True,True,0.8,0.6666666666666666,0.8285714285714287,0.8937934113499308,0.8937934113499308
nearest_neighbor_explanation_stability,LIME,logistic_regression,Logistic Regression,9111,8943,correct_sira,correct_sira,SIRA,SIRA,0.7982744717528872,True,True,0.6,0.42857142857142855,0.07272727272727272,0.739877573345822,0.739877573345822
nearest_neighbor_explanation_stability,LIME,decision_tree,Decision Tree,9111,8943,correct_sira,correct_sira,SIRA,SIRA,0.7982744717528872,True,True,0.6,0.42857142857142855,0.6909090909090909,0.10297088741787054,0.7144992687777824
nearest_neighbor_explanation_stability,LIME,random_forest,Random Forest,9111,8943,correct_sira,correct_sira,SIRA,SIRA,0.7982744717528872,True,True,0.8,0.6666666666666666,0.5428571428571429,0.8616338897601572,0.8616338897601572
nearest_neighbor_explanation_stability,LIME,mlp,MLP,9111,8943,correct_sira,correct_sira,SIRA,SIRA,0.7982744717528872,True,True,0.6,0.42857142857142855,0.6545454545454545,0.7587695332668062,0.7587695332668062
nearest_neighbor_explanation_stability,SHAP,logistic_regression,Logistic Regression,9316,8943,correct_sira,correct_sira,SIRA,SIRA,0.3482544329259207,True,True,1.0,1.0,0.9999999999999999,0.9996315881889062,0.9996315881889062
nearest_neighbor_explanation_stability,SHAP,decision_tree,Decision Tree,9316,8943,correct_sira,correct_sira,SIRA,SIRA,0.3482544329259207,True,True,1.0,1.0,0.8999999999999998,0.9813206369409452,0.9813206369409452
nearest_neighbor_explanation_stability,SHAP,random_forest,Random Forest,9316,8943,correct_sira,correct_sira,SIRA,SIRA,0.3482544329259207,True,True,0.8,0.6666666666666666,0.8285714285714287,0.8841635171311243,0.8841635171311243
nearest_neighbor_explanation_stability,SHAP,mlp,MLP,9316,8943,correct_sira,correct_sira,SIRA,SIRA,0.3482544329259207,True,True,0.6,0.42857142857142855,0.6909090909090909,0.788956734499987,0.788956734499987
nearest_neighbor_explanation_stability,LIME,logistic_regression,Logistic Regression,9316,8943,correct_sira,correct_sira,SIRA,SIRA,0.3482544329259207,True,True,0.6,0.42857142857142855,0.5636363636363636,0.8659986844914177,0.8659986844914177
nearest_neighbor_explanation_stability,LIME,decision_tree,Decision Tree,9316,8943,correct_sira,correct_sira,SIRA,SIRA,0.3482544329259207,True,True,0.4,0.25,-0.35000000000000003,0.42612677799441623,0.42612677799441623
nearest_neighbor_explanation_stability,LIME,random_forest,Random Forest,9316,8943,correct_sira,correct_sira,SIRA,SIRA,0.3482544329259207,True,True,0.6,0.42857142857142855,0.2,0.7300776794936871,0.7300776794936871
nearest_neighbor_explanation_stability,LIME,mlp,MLP,9316,8943,correct_sira,correct_sira,SIRA,SIRA,0.3482544329259207,True,True,0.6,0.42857142857142855,0.5636363636363636,0.7803461339575609,0.7803461339575609
nearest_neighbor_explanation_stability,SHAP,logistic_regression,Logistic Regression,9463,9967,correct_sira,correct_sira,SIRA,SIRA,1.3312984214507653,True,True,0.2,0.1111111111111111,-0.7363636363636364,-0.09929070741286428,0.09929070741286428
nearest_neighbor_explanation_stability,SHAP,decision_tree,Decision Tree,9463,9967,correct_sira,correct_sira,SIRA,SIRA,1.3312984214507653,True,True,0.6,0.42857142857142855,0.6545454545454545,0.8904492700005161,0.8904492700005161
nearest_neighbor_explanation_stability,SHAP,random_forest,Random Forest,9463,9967,correct_sira,correct_sira,SIRA,SIRA,1.3312984214507653,True,True,0.4,0.25,-0.5,0.3084564589322409,0.3084564589322409
nearest_neighbor_explanation_stability,SHAP,mlp,MLP,9463,9967,correct_sira,correct_sira,SIRA,SIRA,1.3312984214507653,True,True,0.6,0.42857142857142855,-0.03636363636363636,0.584439824040395,0.584439824040395
nearest_neighbor_explanation_stability,LIME,logistic_regression,Logistic Regression,9463,9967,correct_sira,correct_sira,SIRA,SIRA,1.3312984214507653,True,True,0.4,0.25,0.15000000000000002,0.7140208511095903,0.7140208511095903
nearest_neighbor_explanation_stability,LIME,decision_tree,Decision Tree,9463,9967,correct_sira,correct_sira,SIRA,SIRA,1.3312984214507653,True,True,0.4,0.25,-0.65,-0.00021219844771761074,0.20290887741230823
nearest_neighbor_explanation_stability,LIME,random_forest,Random Forest,9463,9967,correct_sira,correct_sira,SIRA,SIRA,1.3312984214507653,True,True,1.0,1.0,0.8999999999999998,0.9862721589906496,0.9862721589906496
nearest_neighbor_explanation_stability,LIME,mlp,MLP,9463,9967,correct_sira,correct_sira,SIRA,SIRA,1.3312984214507653,True,True,0.4,0.25,-0.15000000000000002,0.5230040020714921,0.5230040020714921
nearest_neighbor_explanation_stability,SHAP,logistic_regression,Logistic Regression,9919,9967,correct_sira,correct_sira,SIRA,SIRA,0.9676434595057425,True,True,0.4,0.25,0.15000000000000002,0.6258780213365056,0.6258780213365056
nearest_neighbor_explanation_stability,SHAP,decision_tree,Decision Tree,9919,9967,correct_sira,correct_sira,SIRA,SIRA,0.9676434595057425,True,True,0.6,0.42857142857142855,0.4909090909090909,0.8343397577803355,0.8343397577803355
nearest_neighbor_explanation_stability,SHAP,random_forest,Random Forest,9919,9967,correct_sira,correct_sira,SIRA,SIRA,0.9676434595057425,True,True,0.6,0.42857142857142855,-0.6,0.49622691495860943,0.49622691495860943
nearest_neighbor_explanation_stability,SHAP,mlp,MLP,9919,9967,correct_sira,correct_sira,SIRA,SIRA,0.9676434595057425,True,True,0.8,0.6666666666666666,0.6,0.8880243905442928,0.8880243905442928
nearest_neighbor_explanation_stability,LIME,logistic_regression,Logistic Regression,9919,9967,correct_sira,correct_sira,SIRA,SIRA,0.9676434595057425,True,True,0.4,0.25,0.15000000000000002,0.7384180615078876,0.7384180615078876
nearest_neighbor_explanation_stability,LIME,decision_tree,Decision Tree,9919,9967,correct_sira,correct_sira,SIRA,SIRA,0.9676434595057425,True,True,0.4,0.25,-0.2,-0.28659315708264904,0.4745800763117358
nearest_neighbor_explanation_stability,LIME,random_forest,Random Forest,9919,9967,correct_sira,correct_sira,SIRA,SIRA,0.9676434595057425,True,True,0.6,0.42857142857142855,0.6545454545454545,0.8452577472759626,0.8452577472759626
nearest_neighbor_explanation_stability,LIME,mlp,MLP,9919,9967,correct_sira,correct_sira,SIRA,SIRA,0.9676434595057425,True,True,0.4,0.25,0.15000000000000002,0.593251487813464,0.593251487813464
nearest_neighbor_explanation_stability,SHAP,logistic_regression,Logistic Regression,9967,9919,correct_sira,correct_sira,SIRA,SIRA,0.9676434595057425,True,True,0.4,0.25,0.15000000000000002,0.6258780213365056,0.6258780213365056
nearest_neighbor_explanation_stability,SHAP,decision_tree,Decision Tree,9967,9919,correct_sira,correct_sira,SIRA,SIRA,0.9676434595057425,True,True,0.6,0.42857142857142855,0.4909090909090909,0.8343397577803355,0.8343397577803355
nearest_neighbor_explanation_stability,SHAP,random_forest,Random Forest,9967,9919,correct_sira,correct_sira,SIRA,SIRA,0.9676434595057425,True,True,0.6,0.42857142857142855,-0.6,0.49622691495860943,0.49622691495860943
nearest_neighbor_explanation_stability,SHAP,mlp,MLP,9967,9919,correct_sira,correct_sira,SIRA,SIRA,0.9676434595057425,True,True,0.8,0.6666666666666666,0.6,0.8880243905442928,0.8880243905442928
nearest_neighbor_explanation_stability,LIME,logistic_regression,Logistic Regression,9967,9919,correct_sira,correct_sira,SIRA,SIRA,0.9676434595057425,True,True,0.4,0.25,0.15000000000000002,0.7384180615078876,0.7384180615078876
nearest_neighbor_explanation_stability,LIME,decision_tree,Decision Tree,9967,9919,correct_sira,correct_sira,SIRA,SIRA,0.9676434595057425,True,True,0.4,0.25,-0.2,-0.28659315708264904,0.4745800763117358
nearest_neighbor_explanation_stability,LIME,random_forest,Random Forest,9967,9919,correct_sira,correct_sira,SIRA,SIRA,0.9676434595057425,True,True,0.6,0.42857142857142855,0.6545454545454545,0.8452577472759626,0.8452577472759626
nearest_neighbor_explanation_stability,LIME,mlp,MLP,9967,9919,correct_sira,correct_sira,SIRA,SIRA,0.9676434595057425,True,True,0.4,0.25,0.15000000000000002,0.593251487813464,0.593251487813464
nearest_neighbor_explanation_stability,SHAP,logistic_regression,Logistic Regression,10554,11538,correct_dermason,correct_dermason,DERMASON,DERMASON,1.436462905291508,True,True,1.0,1.0,0.9999999999999999,0.9997193089853083,0.9997193089853083
nearest_neighbor_explanation_stability,SHAP,decision_tree,Decision Tree,10554,11538,correct_dermason,correct_dermason,DERMASON,DERMASON,1.436462905291508,True,True,0.8,0.6666666666666666,0.942857142857143,0.9606293358546645,0.9606293358546645
nearest_neighbor_explanation_stability,SHAP,random_forest,Random Forest,10554,11538,correct_dermason,correct_dermason,DERMASON,DERMASON,1.436462905291508,True,True,0.8,0.6666666666666666,0.48571428571428577,0.8250473216443572,0.8250473216443572
nearest_neighbor_explanation_stability,SHAP,mlp,MLP,10554,11538,correct_dermason,correct_dermason,DERMASON,DERMASON,1.436462905291508,True,True,0.6,0.42857142857142855,0.16363636363636364,0.7470802321555363,0.7470802321555363
nearest_neighbor_explanation_stability,LIME,logistic_regression,Logistic Regression,10554,11538,correct_dermason,correct_dermason,DERMASON,DERMASON,1.436462905291508,True,True,1.0,1.0,0.7,0.9962648080393499,0.9962648080393499
nearest_neighbor_explanation_stability,LIME,decision_tree,Decision Tree,10554,11538,correct_dermason,correct_dermason,DERMASON,DERMASON,1.436462905291508,True,True,1.0,1.0,0.8999999999999998,0.9968723687251947,0.9968723687251947
nearest_neighbor_explanation_stability,LIME,random_forest,Random Forest,10554,11538,correct_dermason,correct_dermason,DERMASON,DERMASON,1.436462905291508,True,True,1.0,1.0,0.8999999999999998,0.9996375934927367,0.9996375934927367
nearest_neighbor_explanation_stability,LIME,mlp,MLP,10554,11538,correct_dermason,correct_dermason,DERMASON,DERMASON,1.436462905291508,True,True,1.0,1.0,0.8999999999999998,0.9973863816382691,0.9973863816382691
nearest_neighbor_explanation_stability,SHAP,logistic_regression,Logistic Regression,11193,7604,correct_dermason,sira_predicted_as_dermason,DERMASON,SIRA,1.588381662192734,False,False,0.4,0.25,-0.7000000000000001,0.33793714124745705,0.33793714124745705
nearest_neighbor_explanation_stability,SHAP,decision_tree,Decision Tree,11193,7604,correct_dermason,sira_predicted_as_dermason,DERMASON,SIRA,1.588381662192734,False,False,0.6,0.42857142857142855,0.4,0.6653434554326731,0.7910421053123394
nearest_neighbor_explanation_stability,SHAP,random_forest,Random Forest,11193,7604,correct_dermason,sira_predicted_as_dermason,DERMASON,SIRA,1.588381662192734,False,False,0.2,0.1111111111111111,-0.7363636363636364,0.15016957651209153,0.15016957651209153
nearest_neighbor_explanation_stability,SHAP,mlp,MLP,11193,7604,correct_dermason,sira_predicted_as_dermason,DERMASON,SIRA,1.588381662192734,False,False,0.2,0.1111111111111111,-0.7727272727272728,0.09262315632670905,0.09262315632670905
nearest_neighbor_explanation_stability,LIME,logistic_regression,Logistic Regression,11193,7604,correct_dermason,sira_predicted_as_dermason,DERMASON,SIRA,1.588381662192734,False,False,0.4,0.25,-0.8,0.1521795101860385,0.1521795101860385
nearest_neighbor_explanation_stability,LIME,decision_tree,Decision Tree,11193,7604,correct_dermason,sira_predicted_as_dermason,DERMASON,SIRA,1.588381662192734,False,False,0.6,0.42857142857142855,0.32727272727272727,0.75744173168122,0.75744173168122
nearest_neighbor_explanation_stability,LIME,random_forest,Random Forest,11193,7604,correct_dermason,sira_predicted_as_dermason,DERMASON,SIRA,1.588381662192734,False,False,0.2,0.1111111111111111,-0.2545454545454546,0.3207466250174317,0.3207466250174317
nearest_neighbor_explanation_stability,LIME,mlp,MLP,11193,7604,correct_dermason,sira_predicted_as_dermason,DERMASON,SIRA,1.588381662192734,False,False,0.2,0.1111111111111111,-0.8636363636363635,0.07433399097290885,0.07433399097290885
nearest_neighbor_explanation_stability,SHAP,logistic_regression,Logistic Regression,11538,12237,correct_dermason,correct_dermason,DERMASON,DERMASON,0.8155528534321614,True,True,1.0,1.0,0.9999999999999999,0.9978855748164875,0.9978855748164875
nearest_neighbor_explanation_stability,SHAP,decision_tree,Decision Tree,11538,12237,correct_dermason,correct_dermason,DERMASON,DERMASON,0.8155528534321614,True,True,1.0,1.0,0.8999999999999998,0.9858513350443557,0.9858513350443557
nearest_neighbor_explanation_stability,SHAP,random_forest,Random Forest,11538,12237,correct_dermason,correct_dermason,DERMASON,DERMASON,0.8155528534321614,True,True,0.8,0.6666666666666666,0.8857142857142858,0.8979745120723591,0.8979745120723591
nearest_neighbor_explanation_stability,SHAP,mlp,MLP,11538,12237,correct_dermason,correct_dermason,DERMASON,DERMASON,0.8155528534321614,True,True,0.8,0.6666666666666666,0.5428571428571429,0.8393129715249488,0.8393129715249488
nearest_neighbor_explanation_stability,LIME,logistic_regression,Logistic Regression,11538,12237,correct_dermason,correct_dermason,DERMASON,DERMASON,0.8155528534321614,True,True,1.0,1.0,0.9999999999999999,0.9944195077745355,0.9944195077745355
nearest_neighbor_explanation_stability,LIME,decision_tree,Decision Tree,11538,12237,correct_dermason,correct_dermason,DERMASON,DERMASON,0.8155528534321614,True,True,0.6,0.42857142857142855,0.6909090909090909,0.9167486324108308,0.9167486324108308
nearest_neighbor_explanation_stability,LIME,random_forest,Random Forest,11538,12237,correct_dermason,correct_dermason,DERMASON,DERMASON,0.8155528534321614,True,True,1.0,1.0,0.9999999999999999,0.9999669824610481,0.9999669824610481
nearest_neighbor_explanation_stability,LIME,mlp,MLP,11538,12237,correct_dermason,correct_dermason,DERMASON,DERMASON,0.8155528534321614,True,True,1.0,1.0,0.7999999999999999,0.9944944605197478,0.9944944605197478
nearest_neighbor_explanation_stability,SHAP,logistic_regression,Logistic Regression,11678,12877,correct_dermason,dermason_predicted_as_sira,DERMASON,DERMASON,1.5438899446818797,False,True,0.6,0.42857142857142855,-0.6545454545454545,0.05562729103361499,0.5712838615245345
nearest_neighbor_explanation_stability,SHAP,decision_tree,Decision Tree,11678,12877,correct_dermason,dermason_predicted_as_sira,DERMASON,DERMASON,1.5438899446818797,False,True,0.2,0.1111111111111111,-0.4909090909090909,0.23767733627624538,0.23767733627624538
nearest_neighbor_explanation_stability,SHAP,random_forest,Random Forest,11678,12877,correct_dermason,dermason_predicted_as_sira,DERMASON,DERMASON,1.5438899446818797,False,True,0.4,0.25,-0.55,0.25950729691700364,0.25950729691700364
nearest_neighbor_explanation_stability,SHAP,mlp,MLP,11678,12877,correct_dermason,dermason_predicted_as_sira,DERMASON,DERMASON,1.5438899446818797,False,True,0.0,0.0,-0.8620689655172413,0.0,0.0
nearest_neighbor_explanation_stability,LIME,logistic_regression,Logistic Regression,11678,12877,correct_dermason,dermason_predicted_as_sira,DERMASON,DERMASON,1.5438899446818797,False,True,0.2,0.1111111111111111,-0.6545454545454545,0.10158337443682125,0.10158337443682125
nearest_neighbor_explanation_stability,LIME,decision_tree,Decision Tree,11678,12877,correct_dermason,dermason_predicted_as_sira,DERMASON,DERMASON,1.5438899446818797,False,True,0.4,0.25,-0.15000000000000002,0.6764070439011243,0.6764070439011243
nearest_neighbor_explanation_stability,LIME,random_forest,Random Forest,11678,12877,correct_dermason,dermason_predicted_as_sira,DERMASON,DERMASON,1.5438899446818797,False,True,0.4,0.25,0.025,0.5454170584584774,0.5454170584584774
nearest_neighbor_explanation_stability,LIME,mlp,MLP,11678,12877,correct_dermason,dermason_predicted_as_sira,DERMASON,DERMASON,1.5438899446818797,False,True,0.0,0.0,-0.8620689655172413,0.0,0.0
nearest_neighbor_explanation_stability,SHAP,logistic_regression,Logistic Regression,12185,7426,correct_dermason,sira_predicted_as_dermason,DERMASON,SIRA,0.9903263287208721,False,False,1.0,1.0,0.8999999999999998,0.9921201282097961,0.9921201282097961
nearest_neighbor_explanation_stability,SHAP,decision_tree,Decision Tree,12185,7426,correct_dermason,sira_predicted_as_dermason,DERMASON,SIRA,0.9903263287208721,False,False,0.6,0.42857142857142855,0.2,0.8929035487394217,0.8929035487394217
nearest_neighbor_explanation_stability,SHAP,random_forest,Random Forest,12185,7426,correct_dermason,sira_predicted_as_dermason,DERMASON,SIRA,0.9903263287208721,False,False,0.6,0.42857142857142855,0.4,0.6702379769322819,0.6702379769322819
nearest_neighbor_explanation_stability,SHAP,mlp,MLP,12185,7426,correct_dermason,sira_predicted_as_dermason,DERMASON,SIRA,0.9903263287208721,False,False,0.6,0.42857142857142855,0.38181818181818183,0.8205731458023516,0.8205731458023516
nearest_neighbor_explanation_stability,LIME,logistic_regression,Logistic Regression,12185,7426,correct_dermason,sira_predicted_as_dermason,DERMASON,SIRA,0.9903263287208721,False,False,0.6,0.42857142857142855,0.6909090909090909,0.9329438786308687,0.9329438786308687
nearest_neighbor_explanation_stability,LIME,decision_tree,Decision Tree,12185,7426,correct_dermason,sira_predicted_as_dermason,DERMASON,SIRA,0.9903263287208721,False,False,0.6,0.42857142857142855,0.6545454545454545,0.8631457349304589,0.8631457349304589
nearest_neighbor_explanation_stability,LIME,random_forest,Random Forest,12185,7426,correct_dermason,sira_predicted_as_dermason,DERMASON,SIRA,0.9903263287208721,False,False,1.0,1.0,0.0,0.9256790849153086,0.9256790849153086
nearest_neighbor_explanation_stability,LIME,mlp,MLP,12185,7426,correct_dermason,sira_predicted_as_dermason,DERMASON,SIRA,0.9903263287208721,False,False,0.6,0.42857142857142855,0.6909090909090909,0.967806036861212,0.967806036861212
nearest_neighbor_explanation_stability,SHAP,logistic_regression,Logistic Regression,12237,11538,correct_dermason,correct_dermason,DERMASON,DERMASON,0.8155528534321614,True,True,1.0,1.0,0.9999999999999999,0.9978855748164875,0.9978855748164875
nearest_neighbor_explanation_stability,SHAP,decision_tree,Decision Tree,12237,11538,correct_dermason,correct_dermason,DERMASON,DERMASON,0.8155528534321614,True,True,1.0,1.0,0.8999999999999998,0.9858513350443557,0.9858513350443557
nearest_neighbor_explanation_stability,SHAP,random_forest,Random Forest,12237,11538,correct_dermason,correct_dermason,DERMASON,DERMASON,0.8155528534321614,True,True,0.8,0.6666666666666666,0.8857142857142858,0.8979745120723591,0.8979745120723591
nearest_neighbor_explanation_stability,SHAP,mlp,MLP,12237,11538,correct_dermason,correct_dermason,DERMASON,DERMASON,0.8155528534321614,True,True,0.8,0.6666666666666666,0.5428571428571429,0.8393129715249488,0.8393129715249488
nearest_neighbor_explanation_stability,LIME,logistic_regression,Logistic Regression,12237,11538,correct_dermason,correct_dermason,DERMASON,DERMASON,0.8155528534321614,True,True,1.0,1.0,0.9999999999999999,0.9944195077745355,0.9944195077745355
nearest_neighbor_explanation_stability,LIME,decision_tree,Decision Tree,12237,11538,correct_dermason,correct_dermason,DERMASON,DERMASON,0.8155528534321614,True,True,0.6,0.42857142857142855,0.6909090909090909,0.9167486324108308,0.9167486324108308
nearest_neighbor_explanation_stability,LIME,random_forest,Random Forest,12237,11538,correct_dermason,correct_dermason,DERMASON,DERMASON,0.8155528534321614,True,True,1.0,1.0,0.9999999999999999,0.9999669824610481,0.9999669824610481
nearest_neighbor_explanation_stability,LIME,mlp,MLP,12237,11538,correct_dermason,correct_dermason,DERMASON,DERMASON,0.8155528534321614,True,True,1.0,1.0,0.7999999999999999,0.9944944605197478,0.9944944605197478
nearest_neighbor_explanation_stability,SHAP,logistic_regression,Logistic Regression,12383,13395,correct_dermason,dermason_predicted_as_sira,DERMASON,DERMASON,1.4519131185746246,False,True,0.4,0.25,-0.2,0.47056439119864196,0.47056439119864196
nearest_neighbor_explanation_stability,SHAP,decision_tree,Decision Tree,12383,13395,correct_dermason,dermason_predicted_as_sira,DERMASON,DERMASON,1.4519131185746246,False,True,0.6,0.42857142857142855,-0.2181818181818182,0.32691626360951453,0.32691626360951453
nearest_neighbor_explanation_stability,SHAP,random_forest,Random Forest,12383,13395,correct_dermason,dermason_predicted_as_sira,DERMASON,DERMASON,1.4519131185746246,False,True,0.4,0.25,-0.2,0.4355735568063642,0.4355735568063642
nearest_neighbor_explanation_stability,SHAP,mlp,MLP,12383,13395,correct_dermason,dermason_predicted_as_sira,DERMASON,DERMASON,1.4519131185746246,False,True,0.6,0.42857142857142855,0.2545454545454545,0.10853369463754056,0.6207990829495802
nearest_neighbor_explanation_stability,LIME,logistic_regression,Logistic Regression,12383,13395,correct_dermason,dermason_predicted_as_sira,DERMASON,DERMASON,1.4519131185746246,False,True,0.4,0.25,-0.7000000000000001,0.3031895063376878,0.3031895063376878
nearest_neighbor_explanation_stability,LIME,decision_tree,Decision Tree,12383,13395,correct_dermason,dermason_predicted_as_sira,DERMASON,DERMASON,1.4519131185746246,False,True,0.4,0.25,-0.2,0.4694321656011953,0.5980530088320731
nearest_neighbor_explanation_stability,LIME,random_forest,Random Forest,12383,13395,correct_dermason,dermason_predicted_as_sira,DERMASON,DERMASON,1.4519131185746246,False,True,0.2,0.1111111111111111,-0.37272727272727274,0.30977014321830115,0.30977014321830115
nearest_neighbor_explanation_stability,LIME,mlp,MLP,12383,13395,correct_dermason,dermason_predicted_as_sira,DERMASON,DERMASON,1.4519131185746246,False,True,0.2,0.1111111111111111,-0.6545454545454545,-0.16524356825543135,0.16524356825543135
nearest_neighbor_explanation_stability,SHAP,logistic_regression,Logistic Regression,12838,7426,correct_dermason,sira_predicted_as_dermason,DERMASON,SIRA,0.8676310947511058,False,False,1.0,1.0,0.7,0.9930169400030407,0.9930169400030407
nearest_neighbor_explanation_stability,SHAP,decision_tree,Decision Tree,12838,7426,correct_dermason,sira_predicted_as_dermason,DERMASON,SIRA,0.8676310947511058,False,False,0.6,0.42857142857142855,0.07272727272727272,0.8995726742706855,0.8995726742706855
nearest_neighbor_explanation_stability,SHAP,random_forest,Random Forest,12838,7426,correct_dermason,sira_predicted_as_dermason,DERMASON,SIRA,0.8676310947511058,False,False,0.8,0.6666666666666666,0.6571428571428573,0.8408617763184005,0.8408617763184005
nearest_neighbor_explanation_stability,SHAP,mlp,MLP,12838,7426,correct_dermason,sira_predicted_as_dermason,DERMASON,SIRA,0.8676310947511058,False,False,0.6,0.42857142857142855,0.01818181818181818,0.6848006064035261,0.6848006064035261
nearest_neighbor_explanation_stability,LIME,logistic_regression,Logistic Regression,12838,7426,correct_dermason,sira_predicted_as_dermason,DERMASON,SIRA,0.8676310947511058,False,False,0.6,0.42857142857142855,-0.7636363636363637,0.26660923408603454,0.26660923408603454
nearest_neighbor_explanation_stability,LIME,decision_tree,Decision Tree,12838,7426,correct_dermason,sira_predicted_as_dermason,DERMASON,SIRA,0.8676310947511058,False,False,0.6,0.42857142857142855,0.09090909090909091,0.6743103652586128,0.6743103652586128
nearest_neighbor_explanation_stability,LIME,random_forest,Random Forest,12838,7426,correct_dermason,sira_predicted_as_dermason,DERMASON,SIRA,0.8676310947511058,False,False,0.8,0.6666666666666666,-0.7142857142857143,0.6113645071488838,0.6113645071488838
nearest_neighbor_explanation_stability,LIME,mlp,MLP,12838,7426,correct_dermason,sira_predicted_as_dermason,DERMASON,SIRA,0.8676310947511058,False,False,0.4,0.25,-0.525,0.20967659614662562,0.20967659614662562
nearest_neighbor_explanation_stability,SHAP,logistic_regression,Logistic Regression,12877,13322,dermason_predicted_as_sira,dermason_predicted_as_sira,DERMASON,DERMASON,1.3585590542014272,True,True,0.8,0.6666666666666666,0.8285714285714287,0.8885131784713234,0.8885131784713234
nearest_neighbor_explanation_stability,SHAP,decision_tree,Decision Tree,12877,13322,dermason_predicted_as_sira,dermason_predicted_as_sira,DERMASON,DERMASON,1.3585590542014272,True,True,0.6,0.42857142857142855,-0.6909090909090909,0.3723887801175569,0.3723887801175569
nearest_neighbor_explanation_stability,SHAP,random_forest,Random Forest,12877,13322,dermason_predicted_as_sira,dermason_predicted_as_sira,DERMASON,DERMASON,1.3585590542014272,True,True,0.4,0.25,0.05,0.6406400574820863,0.6406400574820863
nearest_neighbor_explanation_stability,SHAP,mlp,MLP,12877,13322,dermason_predicted_as_sira,dermason_predicted_as_sira,DERMASON,DERMASON,1.3585590542014272,True,True,0.6,0.42857142857142855,0.07272727272727272,0.6984724754934314,0.6984724754934314
nearest_neighbor_explanation_stability,LIME,logistic_regression,Logistic Regression,12877,13322,dermason_predicted_as_sira,dermason_predicted_as_sira,DERMASON,DERMASON,1.3585590542014272,True,True,0.6,0.42857142857142855,-0.5272727272727272,0.5445960305342686,0.5445960305342686
nearest_neighbor_explanation_stability,LIME,decision_tree,Decision Tree,12877,13322,dermason_predicted_as_sira,dermason_predicted_as_sira,DERMASON,DERMASON,1.3585590542014272,True,True,0.2,0.1111111111111111,-0.2545454545454546,0.5352266253893343,0.5352266253893343
nearest_neighbor_explanation_stability,LIME,random_forest,Random Forest,12877,13322,dermason_predicted_as_sira,dermason_predicted_as_sira,DERMASON,DERMASON,1.3585590542014272,True,True,0.6,0.42857142857142855,0.6545454545454545,0.7245645050653469,0.7245645050653469
nearest_neighbor_explanation_stability,LIME,mlp,MLP,12877,13322,dermason_predicted_as_sira,dermason_predicted_as_sira,DERMASON,DERMASON,1.3585590542014272,True,True,0.6,0.42857142857142855,-0.4727272727272727,0.48683703314152404,0.48683703314152404
nearest_neighbor_explanation_stability,SHAP,logistic_regression,Logistic Regression,13136,7683,dermason_predicted_as_sira,sira_predicted_as_dermason,DERMASON,SIRA,0.6505296934640179,False,False,0.6,0.42857142857142855,-0.5454545454545454,0.08595696915995384,0.6029845940897157
nearest_neighbor_explanation_stability,SHAP,decision_tree,Decision Tree,13136,7683,dermason_predicted_as_sira,sira_predicted_as_dermason,DERMASON,SIRA,0.6505296934640179,False,False,0.4,0.25,-0.275,0.3330351203893088,0.4849016922776757
nearest_neighbor_explanation_stability,SHAP,random_forest,Random Forest,13136,7683,dermason_predicted_as_sira,sira_predicted_as_dermason,DERMASON,SIRA,0.6505296934640179,False,False,0.8,0.6666666666666666,0.8285714285714287,0.8680806614199615,0.8680806614199615
nearest_neighbor_explanation_stability,SHAP,mlp,MLP,13136,7683,dermason_predicted_as_sira,sira_predicted_as_dermason,DERMASON,SIRA,0.6505296934640179,False,False,0.6,0.42857142857142855,-0.4,0.45890895934617987,0.45890895934617987
nearest_neighbor_explanation_stability,LIME,logistic_regression,Logistic Regression,13136,7683,dermason_predicted_as_sira,sira_predicted_as_dermason,DERMASON,SIRA,0.6505296934640179,False,False,0.4,0.25,-0.65,0.15238958625135066,0.15238958625135066
nearest_neighbor_explanation_stability,LIME,decision_tree,Decision Tree,13136,7683,dermason_predicted_as_sira,sira_predicted_as_dermason,DERMASON,SIRA,0.6505296934640179,False,False,0.6,0.42857142857142855,-0.1090909090909091,0.5636097267981167,0.7000426343012239
nearest_neighbor_explanation_stability,LIME,random_forest,Random Forest,13136,7683,dermason_predicted_as_sira,sira_predicted_as_dermason,DERMASON,SIRA,0.6505296934640179,False,False,0.8,0.6666666666666666,-0.3142857142857143,0.7259304410916907,0.7259304410916907
nearest_neighbor_explanation_stability,LIME,mlp,MLP,13136,7683,dermason_predicted_as_sira,sira_predicted_as_dermason,DERMASON,SIRA,0.6505296934640179,False,False,0.4,0.25,-0.325,0.2653988668509857,0.2653988668509857
nearest_neighbor_explanation_stability,SHAP,logistic_regression,Logistic Regression,13322,7636,dermason_predicted_as_sira,correct_sira,DERMASON,SIRA,0.8751110089985177,False,False,0.8,0.6666666666666666,0.8285714285714287,0.8941951273992501,0.8941951273992501
nearest_neighbor_explanation_stability,SHAP,decision_tree,Decision Tree,13322,7636,dermason_predicted_as_sira,correct_sira,DERMASON,SIRA,0.8751110089985177,False,False,0.4,0.25,-0.55,0.33682386198865505,0.33682386198865505
nearest_neighbor_explanation_stability,SHAP,random_forest,Random Forest,13322,7636,dermason_predicted_as_sira,correct_sira,DERMASON,SIRA,0.8751110089985177,False,False,0.4,0.25,-0.7000000000000001,0.23554524137111957,0.23554524137111957
nearest_neighbor_explanation_stability,SHAP,mlp,MLP,13322,7636,dermason_predicted_as_sira,correct_sira,DERMASON,SIRA,0.8751110089985177,False,False,0.8,0.6666666666666666,0.14285714285714288,0.8152744817089393,0.8152744817089393
nearest_neighbor_explanation_stability,LIME,logistic_regression,Logistic Regression,13322,7636,dermason_predicted_as_sira,correct_sira,DERMASON,SIRA,0.8751110089985177,False,False,0.8,0.6666666666666666,-0.08571428571428573,0.8119543880952472,0.8119543880952472
nearest_neighbor_explanation_stability,LIME,decision_tree,Decision Tree,13322,7636,dermason_predicted_as_sira,correct_sira,DERMASON,SIRA,0.8751110089985177,False,False,0.4,0.25,-0.125,0.32005828845737855,0.5735357604085962
nearest_neighbor_explanation_stability,LIME,random_forest,Random Forest,13322,7636,dermason_predicted_as_sira,correct_sira,DERMASON,SIRA,0.8751110089985177,False,False,0.6,0.42857142857142855,0.6545454545454545,0.7528193701772735,0.7528193701772735
nearest_neighbor_explanation_stability,LIME,mlp,MLP,13322,7636,dermason_predicted_as_sira,correct_sira,DERMASON,SIRA,0.8751110089985177,False,False,0.6,0.42857142857142855,0.03636363636363636,0.6556538256614216,0.6556538256614216
nearest_neighbor_explanation_stability,SHAP,logistic_regression,Logistic Regression,13372,7761,dermason_predicted_as_sira,sira_predicted_as_dermason,DERMASON,SIRA,1.4364985213607222,False,False,0.8,0.6666666666666666,0.7714285714285715,0.8364763720531013,0.8364763720531013
nearest_neighbor_explanation_stability,SHAP,decision_tree,Decision Tree,13372,7761,dermason_predicted_as_sira,sira_predicted_as_dermason,DERMASON,SIRA,1.4364985213607222,False,False,0.6,0.42857142857142855,-0.5272727272727272,0.2178330408352444,0.3156116058750068
nearest_neighbor_explanation_stability,SHAP,random_forest,Random Forest,13372,7761,dermason_predicted_as_sira,sira_predicted_as_dermason,DERMASON,SIRA,1.4364985213607222,False,False,0.8,0.6666666666666666,-0.08571428571428573,0.737547162596384,0.737547162596384
nearest_neighbor_explanation_stability,SHAP,mlp,MLP,13372,7761,dermason_predicted_as_sira,sira_predicted_as_dermason,DERMASON,SIRA,1.4364985213607222,False,False,0.6,0.42857142857142855,0.0,0.6144163142154863,0.6144163142154863
nearest_neighbor_explanation_stability,LIME,logistic_regression,Logistic Regression,13372,7761,dermason_predicted_as_sira,sira_predicted_as_dermason,DERMASON,SIRA,1.4364985213607222,False,False,0.6,0.42857142857142855,-0.07272727272727272,0.7475774286771952,0.7475774286771952
nearest_neighbor_explanation_stability,LIME,decision_tree,Decision Tree,13372,7761,dermason_predicted_as_sira,sira_predicted_as_dermason,DERMASON,SIRA,1.4364985213607222,False,False,0.6,0.42857142857142855,0.5454545454545454,0.2573892404542861,0.7542215813542218
nearest_neighbor_explanation_stability,LIME,random_forest,Random Forest,13372,7761,dermason_predicted_as_sira,sira_predicted_as_dermason,DERMASON,SIRA,1.4364985213607222,False,False,0.8,0.6666666666666666,0.48571428571428577,0.5667575891527327,0.8270072519541513
nearest_neighbor_explanation_stability,LIME,mlp,MLP,13372,7761,dermason_predicted_as_sira,sira_predicted_as_dermason,DERMASON,SIRA,1.4364985213607222,False,False,0.4,0.25,0.275,0.6038436854567769,0.6038436854567769
nearest_neighbor_explanation_stability,SHAP,logistic_regression,Logistic Regression,13381,7604,dermason_predicted_as_sira,sira_predicted_as_dermason,DERMASON,SIRA,0.41104103196333636,False,False,1.0,1.0,0.9999999999999999,0.9996485281852813,0.9996485281852813
nearest_neighbor_explanation_stability,SHAP,decision_tree,Decision Tree,13381,7604,dermason_predicted_as_sira,sira_predicted_as_dermason,DERMASON,SIRA,0.41104103196333636,False,False,0.4,0.25,-0.2,-0.039130769803983965,0.40917849052632926
nearest_neighbor_explanation_stability,SHAP,random_forest,Random Forest,13381,7604,dermason_predicted_as_sira,sira_predicted_as_dermason,DERMASON,SIRA,0.41104103196333636,False,False,0.8,0.6666666666666666,-0.942857142857143,0.6193319929005046,0.6193319929005046
nearest_neighbor_explanation_stability,SHAP,mlp,MLP,13381,7604,dermason_predicted_as_sira,sira_predicted_as_dermason,DERMASON,SIRA,0.41104103196333636,False,False,0.6,0.42857142857142855,0.2181818181818182,0.680269125931654,0.680269125931654
nearest_neighbor_explanation_stability,LIME,logistic_regression,Logistic Regression,13381,7604,dermason_predicted_as_sira,sira_predicted_as_dermason,DERMASON,SIRA,0.41104103196333636,False,False,0.8,0.6666666666666666,0.4285714285714286,0.8509546152668094,0.8509546152668094
nearest_neighbor_explanation_stability,LIME,decision_tree,Decision Tree,13381,7604,dermason_predicted_as_sira,sira_predicted_as_dermason,DERMASON,SIRA,0.41104103196333636,False,False,0.4,0.25,-0.1,0.5507959363588847,0.5507959363588847
nearest_neighbor_explanation_stability,LIME,random_forest,Random Forest,13381,7604,dermason_predicted_as_sira,sira_predicted_as_dermason,DERMASON,SIRA,0.41104103196333636,False,False,0.8,0.6666666666666666,0.7714285714285715,0.8535254375594011,0.8535254375594011
nearest_neighbor_explanation_stability,LIME,mlp,MLP,13381,7604,dermason_predicted_as_sira,sira_predicted_as_dermason,DERMASON,SIRA,0.41104103196333636,False,False,1.0,1.0,0.8999999999999998,0.9916634372044167,0.9916634372044167
nearest_neighbor_explanation_stability,SHAP,logistic_regression,Logistic Regression,13395,7604,dermason_predicted_as_sira,sira_predicted_as_dermason,DERMASON,SIRA,1.168706871334479,False,False,0.8,0.6666666666666666,0.8285714285714287,0.8744677122912206,0.8744677122912206
nearest_neighbor_explanation_stability,SHAP,decision_tree,Decision Tree,13395,7604,dermason_predicted_as_sira,sira_predicted_as_dermason,DERMASON,SIRA,1.168706871334479,False,False,0.2,0.1111111111111111,-0.5727272727272728,0.07616084177945222,0.07616084177945222
nearest_neighbor_explanation_stability,SHAP,random_forest,Random Forest,13395,7604,dermason_predicted_as_sira,sira_predicted_as_dermason,DERMASON,SIRA,1.168706871334479,False,False,0.6,0.42857142857142855,-0.9454545454545454,0.4081234382314519,0.4081234382314519
nearest_neighbor_explanation_stability,SHAP,mlp,MLP,13395,7604,dermason_predicted_as_sira,sira_predicted_as_dermason,DERMASON,SIRA,1.168706871334479,False,False,0.6,0.42857142857142855,0.36363636363636365,0.7448768325513497,0.7448768325513497
nearest_neighbor_explanation_stability,LIME,logistic_regression,Logistic Regression,13395,7604,dermason_predicted_as_sira,sira_predicted_as_dermason,DERMASON,SIRA,1.168706871334479,False,False,0.6,0.42857142857142855,-0.41818181818181815,0.4426916907765423,0.4426916907765423
nearest_neighbor_explanation_stability,LIME,decision_tree,Decision Tree,13395,7604,dermason_predicted_as_sira,sira_predicted_as_dermason,DERMASON,SIRA,1.168706871334479,False,False,0.4,0.25,0.025,0.2964552791793993,0.5833126154187351
nearest_neighbor_explanation_stability,LIME,random_forest,Random Forest,13395,7604,dermason_predicted_as_sira,sira_predicted_as_dermason,DERMASON,SIRA,1.168706871334479,False,False,0.8,0.6666666666666666,-0.028571428571428574,0.48068378478336393,0.7592354449750469
nearest_neighbor_explanation_stability,LIME,mlp,MLP,13395,7604,dermason_predicted_as_sira,sira_predicted_as_dermason,DERMASON,SIRA,1.168706871334479,False,False,0.4,0.25,-0.7000000000000001,0.3035557168456968,0.3035557168456968
nearest_neighbor_explanation_stability,SHAP,logistic_regression,Logistic Regression,13448,13457,dermason_predicted_as_sira,dermason_predicted_as_sira,DERMASON,DERMASON,0.4682401226600232,True,True,1.0,1.0,0.9999999999999999,0.9999413628162134,0.9999413628162134
nearest_neighbor_explanation_stability,SHAP,decision_tree,Decision Tree,13448,13457,dermason_predicted_as_sira,dermason_predicted_as_sira,DERMASON,DERMASON,0.4682401226600232,True,True,0.4,0.25,0.25,0.7296716380814029,0.7296716380814029
nearest_neighbor_explanation_stability,SHAP,random_forest,Random Forest,13448,13457,dermason_predicted_as_sira,dermason_predicted_as_sira,DERMASON,DERMASON,0.4682401226600232,True,True,0.8,0.6666666666666666,0.7714285714285715,0.8330258091527581,0.8330258091527581
nearest_neighbor_explanation_stability,SHAP,mlp,MLP,13448,13457,dermason_predicted_as_sira,dermason_predicted_as_sira,DERMASON,DERMASON,0.4682401226600232,True,True,0.4,0.25,-0.125,0.6154788263369206,0.6154788263369206
nearest_neighbor_explanation_stability,LIME,logistic_regression,Logistic Regression,13448,13457,dermason_predicted_as_sira,dermason_predicted_as_sira,DERMASON,DERMASON,0.4682401226600232,True,True,0.8,0.6666666666666666,0.6571428571428573,0.8846186737770177,0.8846186737770177
nearest_neighbor_explanation_stability,LIME,decision_tree,Decision Tree,13448,13457,dermason_predicted_as_sira,dermason_predicted_as_sira,DERMASON,DERMASON,0.4682401226600232,True,True,0.4,0.25,0.25,0.695788526147033,0.695788526147033
nearest_neighbor_explanation_stability,LIME,random_forest,Random Forest,13448,13457,dermason_predicted_as_sira,dermason_predicted_as_sira,DERMASON,DERMASON,0.4682401226600232,True,True,0.8,0.6666666666666666,0.8285714285714287,0.8691296859986117,0.8691296859986117
nearest_neighbor_explanation_stability,LIME,mlp,MLP,13448,13457,dermason_predicted_as_sira,dermason_predicted_as_sira,DERMASON,DERMASON,0.4682401226600232,True,True,0.8,0.6666666666666666,0.5428571428571429,0.8395179609683867,0.8395179609683867
nearest_neighbor_explanation_stability,SHAP,logistic_regression,Logistic Regression,13457,13448,dermason_predicted_as_sira,dermason_predicted_as_sira,DERMASON,DERMASON,0.4682401226600232,True,True,1.0,1.0,0.9999999999999999,0.9999413628162134,0.9999413628162134
nearest_neighbor_explanation_stability,SHAP,decision_tree,Decision Tree,13457,13448,dermason_predicted_as_sira,dermason_predicted_as_sira,DERMASON,DERMASON,0.4682401226600232,True,True,0.4,0.25,0.25,0.7296716380814029,0.7296716380814029
nearest_neighbor_explanation_stability,SHAP,random_forest,Random Forest,13457,13448,dermason_predicted_as_sira,dermason_predicted_as_sira,DERMASON,DERMASON,0.4682401226600232,True,True,0.8,0.6666666666666666,0.7714285714285715,0.8330258091527581,0.8330258091527581
nearest_neighbor_explanation_stability,SHAP,mlp,MLP,13457,13448,dermason_predicted_as_sira,dermason_predicted_as_sira,DERMASON,DERMASON,0.4682401226600232,True,True,0.4,0.25,-0.125,0.6154788263369206,0.6154788263369206
nearest_neighbor_explanation_stability,LIME,logistic_regression,Logistic Regression,13457,13448,dermason_predicted_as_sira,dermason_predicted_as_sira,DERMASON,DERMASON,0.4682401226600232,True,True,0.8,0.6666666666666666,0.6571428571428573,0.8846186737770177,0.8846186737770177
nearest_neighbor_explanation_stability,LIME,decision_tree,Decision Tree,13457,13448,dermason_predicted_as_sira,dermason_predicted_as_sira,DERMASON,DERMASON,0.4682401226600232,True,True,0.4,0.25,0.25,0.695788526147033,0.695788526147033
nearest_neighbor_explanation_stability,LIME,random_forest,Random Forest,13457,13448,dermason_predicted_as_sira,dermason_predicted_as_sira,DERMASON,DERMASON,0.4682401226600232,True,True,0.8,0.6666666666666666,0.8285714285714287,0.8691296859986117,0.8691296859986117
nearest_neighbor_explanation_stability,LIME,mlp,MLP,13457,13448,dermason_predicted_as_sira,dermason_predicted_as_sira,DERMASON,DERMASON,0.4682401226600232,True,True,0.8,0.6666666666666666,0.5428571428571429,0.8395179609683867,0.8395179609683867
nearest_neighbor_explanation_stability,SHAP,logistic_regression,Logistic Regression,13499,13381,dermason_predicted_as_sira,dermason_predicted_as_sira,DERMASON,DERMASON,0.7449349548127876,True,True,1.0,1.0,0.9999999999999999,0.9981677790578174,0.9981677790578174
nearest_neighbor_explanation_stability,SHAP,decision_tree,Decision Tree,13499,13381,dermason_predicted_as_sira,dermason_predicted_as_sira,DERMASON,DERMASON,0.7449349548127876,True,True,0.6,0.42857142857142855,-0.16363636363636364,0.49893998963899494,0.49893998963899494
nearest_neighbor_explanation_stability,SHAP,random_forest,Random Forest,13499,13381,dermason_predicted_as_sira,dermason_predicted_as_sira,DERMASON,DERMASON,0.7449349548127876,True,True,0.6,0.42857142857142855,-0.38181818181818183,0.5425566430531565,0.5425566430531565
nearest_neighbor_explanation_stability,SHAP,mlp,MLP,13499,13381,dermason_predicted_as_sira,dermason_predicted_as_sira,DERMASON,DERMASON,0.7449349548127876,True,True,0.2,0.1111111111111111,-0.4909090909090909,0.2159918236414504,0.2159918236414504
nearest_neighbor_explanation_stability,LIME,logistic_regression,Logistic Regression,13499,13381,dermason_predicted_as_sira,dermason_predicted_as_sira,DERMASON,DERMASON,0.7449349548127876,True,True,0.8,0.6666666666666666,-0.2,0.7984275662722978,0.7984275662722978
nearest_neighbor_explanation_stability,LIME,decision_tree,Decision Tree,13499,13381,dermason_predicted_as_sira,dermason_predicted_as_sira,DERMASON,DERMASON,0.7449349548127876,True,True,0.4,0.25,-0.35000000000000003,0.4648822699548779,0.4648822699548779
nearest_neighbor_explanation_stability,LIME,random_forest,Random Forest,13499,13381,dermason_predicted_as_sira,dermason_predicted_as_sira,DERMASON,DERMASON,0.7449349548127876,True,True,0.4,0.25,-0.15000000000000002,0.4264910072175166,0.4264910072175166
nearest_neighbor_explanation_stability,LIME,mlp,MLP,13499,13381,dermason_predicted_as_sira,dermason_predicted_as_sira,DERMASON,DERMASON,0.7449349548127876,True,True,0.2,0.1111111111111111,-0.609090909090909,0.2715632862268434,0.2715632862268434
nearest_neighbor_explanation_stability,SHAP,logistic_regression,Logistic Regression,13514,7526,dermason_predicted_as_sira,sira_predicted_as_dermason,DERMASON,SIRA,0.7661088968288549,False,False,0.6,0.42857142857142855,-0.6,0.07816583460848728,0.5890789262442896
nearest_neighbor_explanation_stability,SHAP,decision_tree,Decision Tree,13514,7526,dermason_predicted_as_sira,sira_predicted_as_dermason,DERMASON,SIRA,0.7661088968288549,False,False,0.4,0.25,-0.125,0.3801628645371992,0.3801628645371992
nearest_neighbor_explanation_stability,SHAP,random_forest,Random Forest,13514,7526,dermason_predicted_as_sira,sira_predicted_as_dermason,DERMASON,SIRA,0.7661088968288549,False,False,0.4,0.25,-0.7000000000000001,0.3034463960975932,0.3034463960975932
nearest_neighbor_explanation_stability,SHAP,mlp,MLP,13514,7526,dermason_predicted_as_sira,sira_predicted_as_dermason,DERMASON,SIRA,0.7661088968288549,False,False,0.6,0.42857142857142855,0.1090909090909091,0.6744620224938914,0.6744620224938914
nearest_neighbor_explanation_stability,LIME,logistic_regression,Logistic Regression,13514,7526,dermason_predicted_as_sira,sira_predicted_as_dermason,DERMASON,SIRA,0.7661088968288549,False,False,0.4,0.25,-0.475,0.14777557717982936,0.14777557717982936
nearest_neighbor_explanation_stability,LIME,decision_tree,Decision Tree,13514,7526,dermason_predicted_as_sira,sira_predicted_as_dermason,DERMASON,SIRA,0.7661088968288549,False,False,0.2,0.1111111111111111,-0.2545454545454546,0.47214317594205907,0.47214317594205907
nearest_neighbor_explanation_stability,LIME,random_forest,Random Forest,13514,7526,dermason_predicted_as_sira,sira_predicted_as_dermason,DERMASON,SIRA,0.7661088968288549,False,False,0.6,0.42857142857142855,-0.2727272727272727,0.5687668016444576,0.5687668016444576
nearest_neighbor_explanation_stability,LIME,mlp,MLP,13514,7526,dermason_predicted_as_sira,sira_predicted_as_dermason,DERMASON,SIRA,0.7661088968288549,False,False,0.6,0.42857142857142855,-0.5636363636363636,0.3996421711657446,0.3996421711657446
